"filename", "language", "C", "C++", "Batch", "ARM", "HTML", "comment", "blank", "total"
"c:\Users\吴迪垒\Desktop\stm32project\对射式红外传感器计次\Hardware\Buzzer.c", "C", 30, 0, 0, 0, 0, 0, 7, 37
"c:\Users\吴迪垒\Desktop\stm32project\对射式红外传感器计次\Hardware\Buzzer.h", "C++", 0, 7, 0, 0, 0, 0, 3, 10
"c:\Users\吴迪垒\Desktop\stm32project\对射式红外传感器计次\Hardware\CountSensor.c", "C", 41, 0, 0, 0, 0, 0, 10, 51
"c:\Users\吴迪垒\Desktop\stm32project\对射式红外传感器计次\Hardware\CountSensor.h", "C++", 0, 5, 0, 0, 0, 0, 3, 8
"c:\Users\吴迪垒\Desktop\stm32project\对射式红外传感器计次\Hardware\Key.c", "C", 30, 0, 0, 0, 0, 0, 5, 35
"c:\Users\吴迪垒\Desktop\stm32project\对射式红外传感器计次\Hardware\Key.h", "C++", 0, 5, 0, 0, 0, 0, 3, 8
"c:\Users\吴迪垒\Desktop\stm32project\对射式红外传感器计次\Hardware\LED.c", "C", 49, 0, 0, 0, 0, 0, 10, 59
"c:\Users\吴迪垒\Desktop\stm32project\对射式红外传感器计次\Hardware\LED.h", "C++", 0, 10, 0, 0, 0, 0, 3, 13
"c:\Users\吴迪垒\Desktop\stm32project\对射式红外传感器计次\Hardware\LightSensor.c", "C", 14, 0, 0, 0, 0, 0, 4, 18
"c:\Users\吴迪垒\Desktop\stm32project\对射式红外传感器计次\Hardware\LightSensor.h", "C++", 0, 5, 0, 0, 0, 0, 3, 8
"c:\Users\吴迪垒\Desktop\stm32project\对射式红外传感器计次\Hardware\OLED.c", "C", 191, 0, 0, 0, 0, 93, 38, 322
"c:\Users\吴迪垒\Desktop\stm32project\对射式红外传感器计次\Hardware\OLED.h", "C++", 0, 11, 0, 0, 0, 0, 3, 14
"c:\Users\吴迪垒\Desktop\stm32project\对射式红外传感器计次\Hardware\OLED_Font.h", "C++", 0, 26, 0, 0, 0, 257, 11, 294
"c:\Users\吴迪垒\Desktop\stm32project\对射式红外传感器计次\Library\misc.c", "C", 62, 0, 0, 0, 0, 132, 32, 226
"c:\Users\吴迪垒\Desktop\stm32project\对射式红外传感器计次\Library\misc.h", "C++", 0, 49, 0, 0, 0, 131, 41, 221
"c:\Users\吴迪垒\Desktop\stm32project\对射式红外传感器计次\Library\stm32f10x_adc.c", "C", 535, 0, 0, 0, 0, 680, 93, 1308
"c:\Users\吴迪垒\Desktop\stm32project\对射式红外传感器计次\Library\stm32f10x_adc.h", "C++", 0, 227, 0, 0, 0, 176, 81, 484
"c:\Users\吴迪垒\Desktop\stm32project\对射式红外传感器计次\Library\stm32f10x_bkp.c", "C", 87, 0, 0, 0, 0, 173, 49, 309
"c:\Users\吴迪垒\Desktop\stm32project\对射式红外传感器计次\Library\stm32f10x_bkp.h", "C++", 0, 91, 0, 0, 0, 78, 27, 196
"c:\Users\吴迪垒\Desktop\stm32project\对射式红外传感器计次\Library\stm32f10x_can.c", "C", 749, 0, 0, 0, 0, 522, 145, 1416
"c:\Users\吴迪垒\Desktop\stm32project\对射式红外传感器计次\Library\stm32f10x_can.h", "C++", 0, 254, 0, 0, 0, 296, 148, 698
"c:\Users\吴迪垒\Desktop\stm32project\对射式红外传感器计次\Library\stm32f10x_cec.c", "C", 130, 0, 0, 0, 0, 227, 77, 434
"c:\Users\吴迪垒\Desktop\stm32project\对射式红外传感器计次\Library\stm32f10x_cec.h", "C++", 0, 67, 0, 0, 0, 107, 37, 211
"c:\Users\吴迪垒\Desktop\stm32project\对射式红外传感器计次\Library\stm32f10x_crc.c", "C", 31, 0, 0, 0, 0, 103, 27, 161
"c:\Users\吴迪垒\Desktop\stm32project\对射式红外传感器计次\Library\stm32f10x_crc.h", "C++", 0, 16, 0, 0, 0, 60, 19, 95
"c:\Users\吴迪垒\Desktop\stm32project\对射式红外传感器计次\Library\stm32f10x_dac.c", "C", 206, 0, 0, 0, 0, 308, 58, 572
"c:\Users\吴迪垒\Desktop\stm32project\对射式红外传感器计次\Library\stm32f10x_dac.h", "C++", 0, 137, 0, 0, 0, 133, 48, 318
"c:\Users\吴迪垒\Desktop\stm32project\对射式红外传感器计次\Library\stm32f10x_dbgmcu.c", "C", 23, 0, 0, 0, 0, 117, 23, 163
"c:\Users\吴迪垒\Desktop\stm32project\对射式红外传感器计次\Library\stm32f10x_dbgmcu.h", "C++", 0, 40, 0, 0, 0, 60, 20, 120
"c:\Users\吴迪垒\Desktop\stm32project\对射式红外传感器计次\Library\stm32f10x_dma.c", "C", 221, 0, 0, 0, 0, 437, 57, 715
"c:\Users\吴迪垒\Desktop\stm32project\对射式红外传感器计次\Library\stm32f10x_dma.h", "C++", 0, 236, 0, 0, 0, 141, 63, 440
"c:\Users\吴迪垒\Desktop\stm32project\对射式红外传感器计次\Library\stm32f10x_exti.c", "C", 96, 0, 0, 0, 0, 132, 42, 270
"c:\Users\吴迪垒\Desktop\stm32project\对射式红外传感器计次\Library\stm32f10x_exti.h", "C++", 0, 71, 0, 0, 0, 80, 34, 185
"c:\Users\吴迪垒\Desktop\stm32project\对射式红外传感器计次\Library\stm32f10x_flash.c", "C", 802, 0, 0, 0, 0, 708, 175, 1685
"c:\Users\吴迪垒\Desktop\stm32project\对射式红外传感器计次\Library\stm32f10x_flash.h", "C++", 0, 206, 0, 0, 0, 163, 58, 427
"c:\Users\吴迪垒\Desktop\stm32project\对射式红外传感器计次\Library\stm32f10x_fsmc.c", "C", 484, 0, 0, 0, 0, 310, 73, 867
"c:\Users\吴迪垒\Desktop\stm32project\对射式红外传感器计次\Library\stm32f10x_fsmc.h", "C++", 0, 210, 0, 0, 0, 359, 165, 734
"c:\Users\吴迪垒\Desktop\stm32project\对射式红外传感器计次\Library\stm32f10x_gpio.c", "C", 292, 0, 0, 0, 0, 293, 66, 651
"c:\Users\吴迪垒\Desktop\stm32project\对射式红外传感器计次\Library\stm32f10x_gpio.h", "C++", 0, 223, 0, 0, 0, 108, 55, 386
"c:\Users\吴迪垒\Desktop\stm32project\对射式红外传感器计次\Library\stm32f10x_i2c.c", "C", 494, 0, 0, 0, 0, 719, 119, 1332
"c:\Users\吴迪垒\Desktop\stm32project\对射式红外传感器计次\Library\stm32f10x_i2c.h", "C++", 0, 204, 0, 0, 0, 398, 83, 685
"c:\Users\吴迪垒\Desktop\stm32project\对射式红外传感器计次\Library\stm32f10x_iwdg.c", "C", 40, 0, 0, 0, 0, 124, 27, 191
"c:\Users\吴迪垒\Desktop\stm32project\对射式红外传感器计次\Library\stm32f10x_iwdg.h", "C++", 0, 38, 0, 0, 0, 78, 25, 141
"c:\Users\吴迪垒\Desktop\stm32project\对射式红外传感器计次\Library\stm32f10x_pwr.c", "C", 91, 0, 0, 0, 0, 175, 42, 308
"c:\Users\吴迪垒\Desktop\stm32project\对射式红外传感器计次\Library\stm32f10x_pwr.h", "C++", 0, 44, 0, 0, 0, 84, 29, 157
"c:\Users\吴迪垒\Desktop\stm32project\对射式红外传感器计次\Library\stm32f10x_rcc.c", "C", 579, 0, 0, 0, 0, 744, 148, 1471
"c:\Users\吴迪垒\Desktop\stm32project\对射式红外传感器计次\Library\stm32f10x_rcc.h", "C++", 0, 417, 0, 0, 0, 206, 105, 728
"c:\Users\吴迪垒\Desktop\stm32project\对射式红外传感器计次\Library\stm32f10x_rtc.c", "C", 111, 0, 0, 0, 0, 190, 39, 340
"c:\Users\吴迪垒\Desktop\stm32project\对射式红外传感器计次\Library\stm32f10x_rtc.h", "C++", 0, 40, 0, 0, 0, 72, 24, 136
"c:\Users\吴迪垒\Desktop\stm32project\对射式红外传感器计次\Library\stm32f10x_sdio.c", "C", 252, 0, 0, 0, 0, 441, 107, 800
"c:\Users\吴迪垒\Desktop\stm32project\对射式红外传感器计次\Library\stm32f10x_sdio.h", "C++", 0, 256, 0, 0, 0, 195, 81, 532
"c:\Users\吴迪垒\Desktop\stm32project\对射式红外传感器计次\Library\stm32f10x_spi.c", "C", 375, 0, 0, 0, 0, 438, 96, 909
"c:\Users\吴迪垒\Desktop\stm32project\对射式红外传感器计次\Library\stm32f10x_spi.h", "C++", 0, 196, 0, 0, 0, 210, 82, 488
"c:\Users\吴迪垒\Desktop\stm32project\对射式红外传感器计次\Library\stm32f10x_tim.c", "C", 1226, 0, 0, 0, 0, 1436, 229, 2891
"c:\Users\吴迪垒\Desktop\stm32project\对射式红外传感器计次\Library\stm32f10x_tim.h", "C++", 0, 615, 0, 0, 0, 394, 156, 1165
"c:\Users\吴迪垒\Desktop\stm32project\对射式红外传感器计次\Library\stm32f10x_usart.c", "C", 458, 0, 0, 0, 0, 502, 99, 1059
"c:\Users\吴迪垒\Desktop\stm32project\对射式红外传感器计次\Library\stm32f10x_usart.h", "C++", 0, 171, 0, 0, 0, 174, 68, 413
"c:\Users\吴迪垒\Desktop\stm32project\对射式红外传感器计次\Library\stm32f10x_wwdg.c", "C", 53, 0, 0, 0, 0, 136, 36, 225
"c:\Users\吴迪垒\Desktop\stm32project\对射式红外传感器计次\Library\stm32f10x_wwdg.h", "C++", 0, 28, 0, 0, 0, 66, 22, 116
"c:\Users\吴迪垒\Desktop\stm32project\对射式红外传感器计次\Objects\Project.build_log.htm", "HTML", 0, 0, 0, 0, 43, 0, 8, 51
"c:\Users\吴迪垒\Desktop\stm32project\对射式红外传感器计次\Objects\Project.htm", "HTML", 0, 0, 0, 0, 575, 0, 88, 663
"c:\Users\吴迪垒\Desktop\stm32project\对射式红外传感器计次\Start\core_cm3.c", "C", 288, 0, 0, 0, 0, 408, 89, 785
"c:\Users\吴迪垒\Desktop\stm32project\对射式红外传感器计次\Start\core_cm3.h", "C++", 0, 703, 0, 0, 0, 792, 324, 1819
"c:\Users\吴迪垒\Desktop\stm32project\对射式红外传感器计次\Start\startup_stm32f10x_cl.s", "ARM", 0, 0, 0, 335, 0, 0, 34, 369
"c:\Users\吴迪垒\Desktop\stm32project\对射式红外传感器计次\Start\startup_stm32f10x_hd.s", "ARM", 0, 0, 0, 327, 0, 0, 32, 359
"c:\Users\吴迪垒\Desktop\stm32project\对射式红外传感器计次\Start\startup_stm32f10x_hd_vl.s", "ARM", 0, 0, 0, 314, 0, 0, 33, 347
"c:\Users\吴迪垒\Desktop\stm32project\对射式红外传感器计次\Start\startup_stm32f10x_ld.s", "ARM", 0, 0, 0, 264, 0, 0, 34, 298
"c:\Users\吴迪垒\Desktop\stm32project\对射式红外传感器计次\Start\startup_stm32f10x_ld_vl.s", "ARM", 0, 0, 0, 273, 0, 0, 32, 305
"c:\Users\吴迪垒\Desktop\stm32project\对射式红外传感器计次\Start\startup_stm32f10x_md.s", "ARM", 0, 0, 0, 274, 0, 0, 34, 308
"c:\Users\吴迪垒\Desktop\stm32project\对射式红外传感器计次\Start\startup_stm32f10x_md_vl.s", "ARM", 0, 0, 0, 283, 0, 0, 33, 316
"c:\Users\吴迪垒\Desktop\stm32project\对射式红外传感器计次\Start\startup_stm32f10x_xl.s", "ARM", 0, 0, 0, 327, 0, 0, 32, 359
"c:\Users\吴迪垒\Desktop\stm32project\对射式红外传感器计次\Start\stm32f10x.h", "C++", 0, 6168, 0, 0, 0, 981, 1188, 8337
"c:\Users\吴迪垒\Desktop\stm32project\对射式红外传感器计次\Start\system_stm32f10x.c", "C", 525, 0, 0, 0, 0, 401, 169, 1095
"c:\Users\吴迪垒\Desktop\stm32project\对射式红外传感器计次\Start\system_stm32f10x.h", "C++", 0, 12, 0, 0, 0, 66, 21, 99
"c:\Users\吴迪垒\Desktop\stm32project\对射式红外传感器计次\System\Delay.c", "C", 23, 0, 0, 0, 0, 15, 4, 42
"c:\Users\吴迪垒\Desktop\stm32project\对射式红外传感器计次\System\Delay.h", "C++", 0, 6, 0, 0, 0, 0, 3, 9
"c:\Users\吴迪垒\Desktop\stm32project\对射式红外传感器计次\User\main.c", "C", 14, 0, 0, 0, 0, 0, 5, 19
"c:\Users\吴迪垒\Desktop\stm32project\对射式红外传感器计次\User\stm32f10x_conf.h", "C++", 0, 32, 0, 0, 0, 38, 8, 78
"c:\Users\吴迪垒\Desktop\stm32project\对射式红外传感器计次\User\stm32f10x_it.c", "C", 40, 0, 0, 0, 0, 102, 19, 161
"c:\Users\吴迪垒\Desktop\stm32project\对射式红外传感器计次\User\stm32f10x_it.h", "C++", 0, 19, 0, 0, 0, 27, 9, 55
"c:\Users\吴迪垒\Desktop\stm32project\对射式红外传感器计次\keilkill.bat", "Batch", 0, 0, 25, 0, 0, 1, 2, 28
"Total", "-", 8642, 10845, 25, 2397, 618, 15997, 5634, 44158